#queryIndex,queryItem,stringId,preferredName,annotation
1,ABCA13,9606.ENSP00000411096,ABCA13,ATP binding cassette subfamily A member 13
2,ABCC4,9606.ENSP00000366084,ABCC4,Multidrug resistance-associated protein 4; May be an organic anion pump relevant to cellular detoxification; ATP binding cassette subfamily C
3,ABCG1,9606.ENSP00000354995,ABCG1,ATP-binding cassette sub-family G member 1; Transporter involved in macrophage lipid homeostasis. Is an active component of the macrophage lipid export complex. Could also be involved in intracellular lipid transport processes. The role in cellular lipid homeostasis may not be limited to macrophages; ATP binding cassette subfamily G
4,ACKR1,9606.ENSP00000357103,ACKR1,"Atypical chemokine receptor 1; Atypical chemokine receptor that controls chemokine levels and localization via high-affinity chemokine binding that is uncoupled from classic ligand-driven signal transduction cascades, resulting instead in chemokine sequestration, degradation, or transcytosis. Also known as interceptor (internalizing receptor) or chemokine-scavenging receptor or chemokine decoy receptor. Has a promiscuous chemokine-binding profile, interacting with inflammatory chemokines of both the CXC and the CC subfamilies but not with homeostatic chemokines. Acts as a receptor for  [...]"
5,ACTA2,9606.ENSP00000402373,ACTA2,"Actin, aortic smooth muscle; Actins are highly conserved proteins that are involved in various types of cell motility and are ubiquitously expressed in all eukaryotic cells; Belongs to the actin family"
6,ADAM28,9606.ENSP00000265769,ADAM28,"Disintegrin and metalloproteinase domain-containing protein 28; May play a role in the adhesive and proteolytic events that occur during lymphocyte emigration or may function in ectodomain shedding of lymphocyte surface target proteins, such as FASL and CD40L. May be involved in sperm maturation; ADAM metallopeptidase domain containing"
7,AHI1,9606.ENSP00000356774,AHI1,"Jouberin; Involved in vesicle trafficking and required for ciliogenesis, formation of primary non-motile cilium, and recruitment of RAB8A to the basal body of primary cilium. Component of the tectonic-like complex, a complex localized at the transition zone of primary cilia and acting as a barrier that prevents diffusion of transmembrane proteins between the cilia and plasma membranes. Involved in neuronal differentiation; WD repeat domain containing"
8,AHSP,9606.ENSP00000307199,AHSP,Alpha-hemoglobin-stabilizing protein; Acts as a chaperone to prevent the harmful aggregation of alpha-hemoglobin during normal erythroid cell development. Specifically protects free alpha-hemoglobin from precipitation. It is predicted to modulate pathological states of alpha-hemoglobin excess such as beta-thalassemia; Belongs to the AHSP family
9,AK5,9606.ENSP00000346577,AK5,"Adenylate kinase isoenzyme 5; Nucleoside monophosphate (NMP) kinase that catalyzes the reversible transfer of the terminal phosphate group between nucleoside triphosphates and monophosphates. Active on AMP and dAMP with ATP as a donor. When GTP is used as phosphate donor, the enzyme phosphorylates AMP, CMP, and to a small extent dCMP. Also displays broad nucleoside diphosphate kinase activity; Adenylate kinases"
10,ALOX15,9606.ENSP00000458832,ALOX15,Arachidonate 15-lipoxygenase; Non-heme iron-containing dioxygenase that catalyzes the stereo-specific peroxidation of free and esterified polyunsaturated fatty acids generating a spectrum of bioactive lipid mediators. Converts arachidonic acid into 12- hydroperoxyeicosatetraenoic acid/12-HPETE and 15- hydroperoxyeicosatetraenoic acid/15-HPETE. Also converts linoleic acid to 13-hydroperoxyoctadecadienoic acid. May also act on (12S)- hydroperoxyeicosatetraenoic acid/(12S)-HPETE to produce hepoxilin A3. Probably plays an important role in the immune and inflammatory responses. Through the [...]
11,ALPL,9606.ENSP00000363973,ALPL,"Alkaline phosphatase, tissue-nonspecific isozyme; This isozyme may play a role in skeletal mineralization; Belongs to the alkaline phosphatase family"
12,ANK1,9606.ENSP00000265709,ANK1,"Ankyrin-1; Attaches integral membrane proteins to cytoskeletal elements; binds to the erythrocyte membrane protein band 4.2, to Na-K ATPase, to the lymphocyte membrane protein GP85, and to the cytoskeletal proteins fodrin, tubulin, vimentin and desmin. Erythrocyte ankyrins also link spectrin (beta chain) to the cytoplasmic domain of the erythrocytes anion exchange protein; they retain most or all of these binding functions"
13,ANK3,9606.ENSP00000280772,ANK3,"Ankyrin-3; In skeletal muscle, required for costamere localization of DMD and betaDAG1 (By similarity). Membrane-cytoskeleton linker. May participate in the maintenance/targeting of ion channels and cell adhesion molecules at the nodes of Ranvier and axonal initial segments. Regulates KCNA1 channel activity in function of dietary Mg(2+) levels, and thereby contributes to the regulation of renal Mg(2+) reabsorption; Ankyrin repeat domain containing"
14,ANKH,9606.ENSP00000284268,ANKH,"Progressive ankylosis protein homolog; Regulates intra- and extracellular levels of inorganic pyrophosphate (PPi), probably functioning as PPi transporter; Belongs to the ANKH family"
15,APOBEC3B,9606.ENSP00000327459,APOBEC3B,"DNA dC->dU-editing enzyme APOBEC-3B; DNA deaminase (cytidine deaminase) which acts as an inhibitor of retrovirus replication and retrotransposon mobility via deaminase-dependent and -independent mechanisms. After the penetration of retroviral nucleocapsids into target cells of infection and the initiation of reverse transcription, it can induce the conversion of cytosine to uracil in the minus-sense single-strand viral DNA, leading to G-to-A hypermutations in the subsequent plus-strand viral DNA. The resultant detrimental levels of mutations in the proviral genome, along with a deamina [...]"
16,ARG1,9606.ENSP00000349446,ARG1,"Arginase-1; Key element of the urea cycle converting L-arginine to urea and L-ornithine, which is further metabolized into metabolites proline and polyamides that drive collagen synthesis and bioenergetic pathways critical for cell proliferation, respectively; the urea cycle takes place primarily in the liver and, to a lesser extent, in the kidneys"
17,ARHGEF12,9606.ENSP00000380942,ARHGEF12,Rho guanine nucleotide exchange factor 12; May play a role in the regulation of RhoA GTPase by guanine nucleotide-binding alpha-12 (GNA12) and alpha-13 (GNA13). Acts as guanine nucleotide exchange factor (GEF) for RhoA GTPase and may act as GTPase-activating protein (GAP) for GNA12 and GNA13; PDZ domain containing
18,ARRDC4,9606.ENSP00000268042,ARRDC4,Arrestin domain-containing protein 4; Functions as an adapter recruiting ubiquitin-protein ligases to their specific substrates (By similarity). Plays a role in endocytosis of activated G protein-coupled receptors (GPCRs) (Probable). Through an ubiquitination-dependent mechanism plays also a role in the incorporation of SLC11A2 into extracellular vesicles (By similarity). May play a role in glucose uptake; Belongs to the arrestin family
19,ASPM,9606.ENSP00000356379,ASPM,"Abnormal spindle-like microcephaly-associated protein; Involved in mitotic spindle regulation and coordination of mitotic processes. The function in regulating microtubule dynamics at spindle poles including spindle orientation, astral microtubule density and poleward microtubule flux seems to depend on the association with the katanin complex formed by KATNA1 and KATNB1. Enhances the microtubule lattice severing activity of KATNA1 by recruiting the katanin complex to microtubules. Can block microtubule minus-end growth and reversely this function can be enhanced by the katanin complex [...]"
20,ATP2B4,9606.ENSP00000350310,ATP2B4,"Plasma membrane calcium-transporting ATPase 4; Calcium/calmodulin-regulated and magnesium-dependent enzyme that catalyzes the hydrolysis of ATP coupled with the transport of calcium out of the cell. By regulating sperm cell calcium homeostasis, may play a role in sperm motility (By similarity); Belongs to the cation transport ATPase (P-type) (TC 3.A.3) family. Type IIB subfamily"
21,BCL2A1,9606.ENSP00000267953,BCL2A1,Bcl-2-related protein A1; Retards apoptosis induced by IL-3 deprivation. May function in the response of hemopoietic cells to external signals and in maintaining endothelial survival during infection (By similarity). Can inhibit apoptosis induced by serum starvation in the mammary epithelial cell line HC11 (By similarity); BCL2 family
22,BCL2L1,9606.ENSP00000302564,BCL2L1,"Bcl-2-like protein 1; Potent inhibitor of cell death. Inhibits activation of caspases. Appears to regulate cell death by blocking the voltage- dependent anion channel (VDAC) by binding to it and preventing the release of the caspase activator, CYC1, from the mitochondrial membrane. Also acts as a regulator of G2 checkpoint and progression to cytokinesis during mitosis; Belongs to the Bcl-2 family"
23,BEND7,9606.ENSP00000345773,BEND7,BEN domain containing 7
24,BPGM,9606.ENSP00000376840,BPGM,"Bisphosphoglycerate mutase; Plays a major role in regulating hemoglobin oxygen affinity by controlling the levels of its allosteric effector 2,3- bisphosphoglycerate (2,3-BPG). Also exhibits mutase (EC 5.4.2.1) activity; Belongs to the phosphoglycerate mutase family. BPG- dependent PGAM subfamily"
25,BPI,9606.ENSP00000262865,BPI,"Bactericidal permeability-increasing protein; The cytotoxic action of BPI is limited to many species of Gram-negative bacteria; this specificity may be explained by a strong affinity of the very basic N-terminal half for the negatively charged lipopolysaccharides that are unique to the Gram-negative bacterial outer envelope. Has antibacterial activity against the Gram-nagative bacterium P.aeruginosa, this activity is inhibited by LPS from P.aeruginosa; Belongs to the BPI/LBP/Plunc superfamily. BPI/LBP family"
26,C14orf2,9606.ENSP00000401770,C14orf2,6.8 kDa mitochondrial proteolipid; Chromosome 14 open reading frame 2
27,C2CD3,9606.ENSP00000334379,C2CD3,"C2 domain-containing protein 3; Component of the centrioles that acts as a positive regulator of centriole elongation. Promotes assembly of centriolar distal appendage, a structure at the distal end of the mother centriole that acts as an anchor of the cilium, and is required for recruitment of centriolar distal appendages proteins CEP83, SCLT1, CEP89, FBF1 and CEP164. Not required for centriolar satellite integrity or RAB8 activation. Required for primary cilium formation. Required for sonic hedgehog/SHH signaling and for proteolytic processing of GLI3; C2 domain containing"
28,C4BPA,9606.ENSP00000356037,C4BPA,"C4b-binding protein alpha chain; Controls the classical pathway of complement activation. It binds as a cofactor to C3b/C4b inactivator (C3bINA), which then hydrolyzes the complement fragment C4b. It also accelerates the degradation of the C4bC2a complex (C3 convertase) by dissociating the complement fragment C2a. Alpha chain binds C4b. It interacts also with anticoagulant protein S and with serum amyloid P component; Sushi domain containing"
29,CA1,9606.ENSP00000430656,CA1,Carbonic anhydrase 1; Reversible hydration of carbon dioxide. Can hydrates cyanamide to urea; Carbonic anhydrases
30,CAMP,9606.ENSP00000296435,CAMP,"Cathelicidin antimicrobial peptide; Binds to bacterial lipopolysaccharides (LPS), has antibacterial activity; Endogenous ligands"
31,CD160,9606.ENSP00000235933,CD160,CD160 antigen; Receptor showing broad specificity for both classical and non-classical MHC class I molecules
32,CD177,9606.ENSP00000479536,CD177,"CD177 antigen; In association with beta-2 integrin heterodimer ITGAM/CD11b and ITGB2/CD18, mediates activation of TNF-alpha primed neutrophils including degranulation and superoxide production. In addition, by preventing beta-2 integrin internalization and attenuating chemokine signaling favors adhesion over migration. Heterophilic interaction with PECAM1 on endothelial cells plays a role in neutrophil transendothelial migration in vitro. However, appears to be dispensable for neutrophil recruitment caused by bacterial infection in vivo. Acts as a receptor for the mature form of protea [...]"
33,CD200,9606.ENSP00000420298,CD200,OX-2 membrane glycoprotein; Costimulates T-cell proliferation. May regulate myeloid cell activity in a variety of tissues; CD molecules
34,CD24,9606.ENSP00000483985,CD24,"Signal transducer CD24; May have a pivotal role in cell differentiation of different cell types. Signaling could be triggered by the binding of a lectin-like ligand to the CD24 carbohydrates, and transduced by the release of second messengers derived from the GPI-anchor. Modulates B-cell activation responses. Promotes AG-dependent proliferation of B-cells, and prevents their terminal differentiation into antibody-forming cells. In association with SIGLEC10 may be involved in the selective suppression of the immune response to danger-associated molecular patterns (DAMPs) such as HMGB1,  [...]"
35,CD274,9606.ENSP00000370989,CD274,"Programmed cell death 1 ligand 1; Involved in the costimulatory signal, essential for T- cell proliferation and production of IL10 and IFNG, in an IL2- dependent and a PDCD1-independent manner. Interaction with PDCD1 inhibits T-cell proliferation and cytokine production; Belongs to the immunoglobulin superfamily. BTN/MOG family"
36,CD8A,9606.ENSP00000386559,CD8A,"T-cell surface glycoprotein CD8 alpha chain; Integral membrane glycoprotein that plays an essential role in the immune response and serves multiple functions in responses against both external and internal offenses. In T-cells, functions primarily as a coreceptor for MHC class I molecule:peptide complex. The antigens presented by class I peptides are derived from cytosolic proteins while class II derived from extracellular proteins. Interacts simultaneously with the T-cell receptor (TCR) and the MHC class I proteins presented by antigen presenting cells (APCs). In turn, recruits the Sr [...]"
37,CD8B,9606.ENSP00000331172,CD8B,"T-cell surface glycoprotein CD8 beta chain; Integral membrane glycoprotein that plays an essential role in the immune response and serves multiple functions in responses against both external and internal offenses. In T-cells, functions primarily as a coreceptor for MHC class I molecule:peptide complex. The antigens presented by class I peptides are derived from cytosolic proteins while class II derived from extracellular proteins. Interacts simultaneously with the T-cell receptor (TCR) and the MHC class I proteins presented by antigen presenting cells (APCs). In turn, recruits the Src [...]"
38,CDA,9606.ENSP00000364212,CDA,Cytidine deaminase; This enzyme scavenges exogenous and endogenous cytidine and 2'-deoxycytidine for UMP synthesis
39,CEACAM6,9606.ENSP00000199764,CEACAM6,Carcinoembryonic antigen related cell adhesion molecule family; Belongs to the immunoglobulin superfamily. CEA family
40,CEACAM8,9606.ENSP00000244336,CEACAM8,Carcinoembryonic antigen related cell adhesion molecule family; Belongs to the immunoglobulin superfamily. CEA family
41,CENPK,9606.ENSP00000379911,CENPK,"Centromere protein K; Component of the CENPA-CAD (nucleosome distal) complex, a complex recruited to centromeres which is involved in assembly of kinetochore proteins, mitotic progression and chromosome segregation. May be involved in incorporation of newly synthesized CENPA into centromeres via its interaction with the CENPA-NAC complex. Acts in coordination with KNL1 to recruit the NDC80 complex to the outer kinetochore; Belongs to the CENPK family"
42,CFD,9606.ENSP00000332139,CFD,"Complement factor D; Factor D cleaves factor B when the latter is complexed with factor C3b, activating the C3bbb complex, which then becomes the C3 convertase of the alternate pathway. Its function is homologous to that of C1s in the classical pathway; Belongs to the peptidase S1 family"
43,CKS2,9606.ENSP00000364976,CKS2,Cyclin-dependent kinases regulatory subunit 2; Binds to the catalytic subunit of the cyclin dependent kinases and is essential for their biological function
44,CLEC12A,9606.ENSP00000347916,CLEC12A,C-type lectin domain family 12 member A; Cell surface receptor that modulates signaling cascades and mediates tyrosine phosphorylation of target MAP kinases; C-type lectin domain containing
45,CLEC12B,9606.ENSP00000344563,CLEC12B,C-type lectin domain family 12 member B; Cell surface receptor that protects target cells against natural killer cell-mediated lysis. Modulates signaling cascades and mediates tyrosine phosphorylation of target MAP kinases; C-type lectin domain containing
46,CLEC4C,9606.ENSP00000440428,CLEC4C,C-type lectin domain family 4 member C; Lectin-type cell surface receptor which may play a role in antigen capturing by dendritic cells. Specifically recognizes non- sialylated galactose-terminated biantennary glycans containing the trisaccharide epitope Gal(beta1-3/4)GlcNAc(beta1-2)Man. Binds to serum IgG. Efficiently targets ligand into antigen- processing and peptide-loading compartments for presentation to T- cells. May mediate potent inhibition of induction of IFN-alpha/beta expression in plasmacytoid dendritic cells. May act as a signaling receptor that activates protein-tyrosine [...]
47,CLEC4D,9606.ENSP00000299665,CLEC4D,"C-type lectin domain family 4 member D; Functions as an endocytic receptor. May be involved in antigen uptake at the site of infection, either for clearance of the antigen, or for processing and further presentation to T cells; C-type lectin domain containing"
48,CLK4,9606.ENSP00000316948,CLK4,Dual specificity protein kinase CLK4; Dual specificity kinase acting on both serine/threonine and tyrosine-containing substrates. Phosphorylates serine- and arginine-rich (SR) proteins of the spliceosomal complex and may be a constituent of a network of regulatory mechanisms that enable SR proteins to control RNA splicing. Phosphorylates SRSF1 and SRSF3. Required for the regulation of alternative splicing of MAPT/TAU. Regulates the alternative splicing of tissue factor (F3) pre-mRNA in endothelial cells; Belongs to the protein kinase superfamily. CMGC Ser/Thr protein kinase family. Lam [...]
49,CLU,9606.ENSP00000315130,CLU,"Clusterin; Isoform 1 functions as extracellular chaperone that prevents aggregation of nonnative proteins. Prevents stress- induced aggregation of blood plasma proteins. Inhibits formation of amyloid fibrils by APP, APOC2, B2M, CALCA, CSN3, SNCA and aggregation-prone LYZ variants (in vitro). Does not require ATP. Maintains partially unfolded proteins in a state appropriate for subsequent refolding by other chaperones, such as HSPA8/HSC70. Does not refold proteins by itself. Binding to cell surface receptors triggers internalization of the chaperone-client complex and subsequent lysosom [...]"
50,CMPK2,9606.ENSP00000256722,CMPK2,"UMP-CMP kinase 2, mitochondrial; May participate in dUTP and dCTP synthesis in mitochondria. Is able to phosphorylate dUMP, dCMP, CMP, UMP and monophosphates of the pyrimidine nucleoside analogs ddC, dFdC, araC, BVDU and FdUrd with ATP as phosphate donor. Efficacy is highest for dUMP followed by dCMP; CMP and UMP are poor substrates. May be involved in mtDNA depletion caused by long term treatment with ddC or other pyrimidine analogs. Also displays broad nucleoside diphosphate kinase activity"
51,COX7C,9606.ENSP00000425759,COX7C,"Cytochrome c oxidase subunit 7C, mitochondrial; This protein is one of the nuclear-coded polypeptide chains of cytochrome c oxidase, the terminal oxidase in mitochondrial electron transport"
52,CPT1A,9606.ENSP00000265641,CPT1A,"Carnitine O-palmitoyltransferase 1, liver isoform; Catalyzes the transfer of the acyl group of long-chain fatty acid-CoA conjugates onto carnitine, an essential step for the mitochondrial uptake of long-chain fatty acids and their subsequent beta-oxidation in the mitochondrion. Plays an important role in triglyceride metabolism"
53,CRISP3,9606.ENSP00000389026,CRISP3,Cysteine rich secretory protein family; Belongs to the CRISP family
54,CSGALNACT1,9606.ENSP00000411816,CSGALNACT1,"Chondroitin sulfate N-acetylgalactosaminyltransferase 1; Transfers 1,4-N-acetylgalactosamine (GalNAc) from UDP- GalNAc to the non-reducing end of glucuronic acid (GlcUA). Required for addition of the first GalNAc to the core tetrasaccharide linker and for elongation of chondroitin chains. Important role in chondroitin chain biosynthesis in cartilage formation and subsequent endochondral ossification. Moreover, is involved in the metabolism of aggrecan (By similarity)"
55,CST7,9606.ENSP00000420384,CST7,"Cystatin-F; Inhibits papain and cathepsin L but with affinities lower than other cystatins. May play a role in immune regulation through inhibition of a unique target in the hematopoietic system; Cystatins, type 2"
56,CTSW,9606.ENSP00000311300,CTSW,Cathepsin W; May have a specific function in the mechanism or regulation of T-cell cytolytic activity; Cathepsins
57,CXCL10,9606.ENSP00000305651,CXCL10,C-X-C motif chemokine 10; Chemotactic for monocytes and T-lymphocytes. Binds to CXCR3; Belongs to the intercrine alpha (chemokine CxC) family
58,CXCL5,9606.ENSP00000296027,CXCL5,"C-X-C motif chemokine 5; Involved in neutrophil activation. In vitro, ENA-78(8- 78) and ENA-78(9-78) show a threefold higher chemotactic activity for neutrophil granulocytes; Chemokine ligands"
59,CXCL8,9606.ENSP00000306512,CXCL8,"Interleukin-8; IL-8 is a chemotactic factor that attracts neutrophils, basophils, and T-cells, but not monocytes. It is also involved in neutrophil activation. It is released from several cell types in response to an inflammatory stimulus. IL-8(6-77) has a 5-10-fold higher activity on neutrophil activation, IL-8(5-77) has increased activity on neutrophil activation and IL-8(7-77) has a higher affinity to receptors CXCR1 and CXCR2 as compared to IL-8(1-77), respectively; Chemokine ligands"
60,CYP1B1,9606.ENSP00000478561,CYP1B1,"Cytochrome P450 1B1; Cytochromes P450 are a group of heme-thiolate monooxygenases. In liver microsomes, this enzyme is involved in an NADPH-dependent electron transport pathway. It oxidizes a variety of structurally unrelated compounds, including steroids, fatty acids, retinoid and xenobiotics. Preferentially oxidizes 17beta- estradiol to the carcinogenic 4-hydroxy derivative, and a variety of procarcinogenic compounds to their activated forms, including polycyclic aromatic hydrocarbons. Promotes angiogenesis by removing cellular oxygenation products, thereby decreasing oxidative stres [...]"
61,DEFA4,9606.ENSP00000297435,DEFA4,"Neutrophil defensin 4; Has antimicrobial activity against Gram-negative bacteria, and to a lesser extent also against Gram-positive bacteria and fungi. Protects blood cells against infection with HIV-1 (in vitro). Inhibits corticotropin (ACTH)-stimulated corticosterone production; Defensins, alpha"
62,DHRS12,9606.ENSP00000411565,DHRS12,Dehydrogenase/reductase SDR family member 12; Putative oxidoreductase; Short chain dehydrogenase/reductase superfamily
63,DNAJA4,9606.ENSP00000378324,DNAJA4,DnaJ heat shock protein family member A4
64,DNAJC6,9606.ENSP00000360108,DNAJC6,Putative tyrosine-protein phosphatase auxilin; Recruits HSPA8/HSC70 to clathrin-coated vesicles and promotes uncoating of clathrin-coated vesicles. Plays a role in clathrin-mediated endocytosis in neurons (By similarity); C2 tensin-type domain containing
65,DNM3,9606.ENSP00000356705,DNM3,"Dynamin-3; Microtubule-associated force-producing protein involved in producing microtubule bundles and able to bind and hydrolyze GTP. Most probably involved in vesicular trafficking processes, in particular endocytosis (By similarity); Belongs to the TRAFAC class dynamin-like GTPase superfamily. Dynamin/Fzo/YdjA family"
66,DOCK4,9606.ENSP00000404179,DOCK4,"Dedicator of cytokinesis protein 4; Involved in regulation of adherens junction between cells. Plays a role in cell migration. Functions as a guanine nucleotide exchange factor (GEF), which activates Rap1 small GTPase by exchanging bound GDP for free GTP; DOCK C2 domain containing"
67,DSC1,9606.ENSP00000257198,DSC1,Desmocollin-1; Component of intercellular desmosome junctions. Involved in the interaction of plaque proteins and intermediate filaments mediating cell-cell adhesion. May contribute to epidermal cell positioning (stratification) by mediating differential adhesiveness between cells that express different isoforms. Linked to the keratinization of epithelial tissues; Desmosomal cadherins
68,DSC2,9606.ENSP00000280904,DSC2,Desmocollin-2; Component of intercellular desmosome junctions. Involved in the interaction of plaque proteins and intermediate filaments mediating cell-cell adhesion. May contribute to epidermal cell positioning (stratification) by mediating differential adhesiveness between cells that express different isoforms; Desmosomal cadherins
69,EBF1,9606.ENSP00000322898,EBF1,Transcription factor COE1; Transcriptional activator which recognizes variations of the palindromic sequence 5'-ATTCCCNNGGGAATT-3'
70,EPHB4,9606.ENSP00000350896,EPHB4,"Ephrin type-B receptor 4; Receptor tyrosine kinase which binds promiscuously transmembrane ephrin-B family ligands residing on adjacent cells, leading to contact-dependent bidirectional signaling into neighboring cells. The signaling pathway downstream of the receptor is referred to as forward signaling while the signaling pathway downstream of the ephrin ligand is referred to as reverse signaling. Together with its cognate ligand/functional ligand EFNB2 plays a central role in heart morphogenesis and angiogenesis through regulation of cell adhesion and cell migration. EPHB4- mediated  [...]"
71,EPSTI1,9606.ENSP00000318982,EPSTI1,Plays a role in M1 macrophage polarization and is required for the proper regulation of gene expression during M1 versus M2 macrophage differentiation (By similarity). Might play a role in RELA/p65 and STAT1 phosphorylation and nuclear localization upon activation of macrophages (By similarity).
72,ETV7,9606.ENSP00000341843,ETV7,Transcription factor ETV7; Transcriptional repressor; binds to the DNA sequence 5'- CCGGAAGT-3'. Isoform A does not seem to have a repressor activity. Isoform C does not seem to have a repressor activity; Belongs to the ETS family
73,F5,9606.ENSP00000356771,F5,Coagulation factor V; Central regulator of hemostasis. It serves as a critical cofactor for the prothrombinase activity of factor Xa that results in the activation of prothrombin to thrombin
74,FAM210B,9606.ENSP00000360437,FAM210B,"Protein FAM210B, mitochondrial; Plays a role in erythroid differentiation. Involved in cell proliferation and tumor cell growth suppression. Involved in the metabolic reprogramming of cancer cells in a PDK4-dependent manner; Belongs to the FAM210 family"
75,FAXDC2,9606.ENSP00000320604,FAXDC2,Fatty acid hydroxylase domain containing 2; Belongs to the sterol desaturase family
76,FBXL13,9606.ENSP00000321927,FBXL13,F-box/LRR-repeat protein 13; Substrate-recognition component of the SCF (SKP1-CUL1-F- box protein)-type E3 ubiquitin ligase complex; Cilia and flagella associated
77,FCER1A,9606.ENSP00000357097,FCER1A,High affinity immunoglobulin epsilon receptor subunit alpha; Binds to the Fc region of immunoglobulins epsilon. High affinity receptor. Responsible for initiating the allergic response. Binding of allergen to receptor-bound IgE leads to cell activation and the release of mediators (such as histamine) responsible for the manifestations of allergy. The same receptor also induces the secretion of important lymphokines; Immunoglobulin like domain containing
78,FCRL5,9606.ENSP00000354691,FCRL5,Fc receptor-like protein 5; May be involved in B-cell development and differentiation in peripheral lymphoid organs and may be useful markers of B-cell stages. May have an immunoregulatory role in marginal zone B-cells; CD molecules
79,FCRLA,9606.ENSP00000356936,FCRLA,Fc receptor-like A; May be implicated in B-cell differentiation and lymphomagenesis; Immunoglobulin like domain containing
80,FECH,9606.ENSP00000372326,FECH,"Ferrochelatase, mitochondrial; Catalyzes the ferrous insertion into protoporphyrin IX; Belongs to the ferrochelatase family"
81,FGFBP2,9606.ENSP00000259989,FGFBP2,Fibroblast growth factor binding protein 2
82,GMPR,9606.ENSP00000259727,GMPR,"GMP reductase 1; Catalyzes the irreversible NADPH-dependent deamination of GMP to IMP. It functions in the conversion of nucleobase, nucleoside and nucleotide derivatives of G to A nucleotides, and in maintaining the intracellular balance of A and G nucleotides; Belongs to the IMPDH/GMPR family. GuaC type 1 subfamily"
83,GNLY,9606.ENSP00000263863,GNLY,"Granulysin; Antimicrobial protein that kills intracellular pathogens. Active against a broad range of microbes, including Gram-positive and Gram-negative bacteria, fungi, and parasites. Kills Mycobacterium tuberculosis"
84,GRB10,9606.ENSP00000381793,GRB10,"Growth factor receptor-bound protein 10; Adapter protein which modulates coupling of a number of cell surface receptor kinases with specific signaling pathways. Binds to, and suppress signals from, activated receptors tyrosine kinases, including the insulin (INSR) and insulin-like growth factor (IGF1R) receptors. The inhibitory effect can be achieved by 2 mechanisms: interference with the signaling pathway and increased receptor degradation. Delays and reduces AKT1 phosphorylation in response to insulin stimulation. Blocks association between INSR and IRS1 and IRS2 and prevents insulin [...]"
85,GSTM1,9606.ENSP00000311469,GSTM1,Glutathione S-transferase Mu 1; Conjugation of reduced glutathione to a wide number of exogenous and endogenous hydrophobic electrophiles; Soluble glutathione S-transferases
86,GSTM2,9606.ENSP00000241337,GSTM2,Glutathione S-transferase Mu 2; Conjugation of reduced glutathione to a wide number of exogenous and endogenous hydrophobic electrophiles; Belongs to the GST superfamily. Mu family
87,GUK1,9606.ENSP00000355689,GUK1,"Guanylate kinase; Essential for recycling GMP and indirectly, cGMP"
88,GYPA,9606.ENSP00000354003,GYPA,"Glycophorin-A; Glycophorin A is the major intrinsic membrane protein of the erythrocyte. The N-terminal glycosylated segment, which lies outside the erythrocyte membrane, has MN blood group receptors. Appears to be important for the function of SLC4A1 and is required for high activity of SLC4A1. May be involved in translocation of SLC4A1 to the plasma membrane. Is a receptor for influenza virus. Is a receptor for Plasmodium falciparum erythrocyte-binding antigen 175 (EBA-175); binding of EBA-175 is dependent on sialic acid residues of the O-linked glycans. Appears to be a receptor for  [...]"
89,GYPB,9606.ENSP00000427690,GYPB,Glycophorin-B; This protein is a minor sialoglycoprotein in erythrocyte membranes; Belongs to the glycophorin-A family
90,GYPE,9606.ENSP00000351430,GYPE,Glycophorin-E; This protein is a minor sialoglycoprotein in human erythrocyte membranes; Belongs to the glycophorin-A family
91,GZMH,9606.ENSP00000216338,GZMH,Granzyme H; Cytotoxic chymotrypsin-like serine protease with preference for bulky and aromatic residues at the P1 position and acidic residues at the P3' and P4' sites. Probably necessary for target cell lysis in cell-mediated immune responses. Participates in the antiviral response via direct cleavage of several proteins essential for viral replication
92,GZMK,9606.ENSP00000231009,GZMK,Granzyme K; Belongs to the peptidase S1 family. Granzyme subfamily
93,HEMGN,9606.ENSP00000480020,HEMGN,Hemogen; Regulates the proliferation and differentiation of hematopoietic cells. Overexpression block the TPA-induced megakaryocytic differentiation in the K562 cell model. May also prevent cell apoptosis through the activation of the nuclear factor-kappa B (NF-kB)
94,HERC5,9606.ENSP00000264350,HERC5,"E3 ISG15--protein ligase HERC5; Major E3 ligase for ISG15 conjugation. Acts as a positive regulator of innate antiviral response in cells induced by interferon. Functions as part of the ISGylation machinery that recognizes target proteins in a broad and relatively non-specific manner. Catalyzes ISGylation of IRF3 which results in sustained activation, it attenuates IRF3-PIN1 interaction, which antagonizes IRF3 ubiquitination and degradation, and boosts the antiviral response. Catalyzes ISGylation of influenza A viral NS1 which attenuates virulence; ISGylated NS1 fails to form homodimer [...]"
95,HLA-DOB,9606.ENSP00000390020,HLA-DOB,"HLA class II histocompatibility antigen, DO beta chain; Important modulator in the HLA class II restricted antigen presentation pathway by interaction with the HLA-DM molecule in B-cells. Modifies peptide exchange activity of HLA-DM"
96,HLA-DPB1,9606.ENSP00000408146,HLA-DPB1,"HLA class II histocompatibility antigen, DP beta 1 chain; Binds peptides derived from antigens that access the endocytic route of antigen presenting cells (APC) and presents them on the cell surface for recognition by the CD4 T-cells. The peptide binding cleft accommodates peptides of 10-30 residues. The peptides presented by MHC class II molecules are generated mostly by degradation of proteins that access the endocytic route, where they are processed by lysosomal proteases and other hydrolases. Exogenous antigens that have been endocytosed by the APC are thus readily available for pr [...]"
97,HLA-DQB1,9606.ENSP00000364080,HLA-DQB1,"HLA class II histocompatibility antigen, DQ beta 1 chain; Binds peptides derived from antigens that access the endocytic route of antigen presenting cells (APC) and presents them on the cell surface for recognition by the CD4 T-cells. The peptide binding cleft accommodates peptides of 10-30 residues. The peptides presented by MHC class II molecules are generated mostly by degradation of proteins that access the endocytic route, where they are processed by lysosomal proteases and other hydrolases. Exogenous antigens that have been endocytosed by the APC are thus readily available for pr [...]"
98,HOXB2,9606.ENSP00000331741,HOXB2,Homeobox protein Hox-B2; Sequence-specific transcription factor which is part of a developmental regulatory system that provides cells with specific positional identities on the anterior-posterior axis; Belongs to the Antp homeobox family. Proboscipedia subfamily
99,HP,9606.ENSP00000348170,HP,"Haptoglobin; As a result of hemolysis, hemoglobin is found to accumulate in the kidney and is secreted in the urine. Haptoglobin captures, and combines with free plasma hemoglobin to allow hepatic recycling of heme iron and to prevent kidney damage. Haptoglobin also acts as an Antimicrobial; Antioxidant, has antibacterial activity and plays a role in modulating many aspects of the acute phase response. Hemoglobin/haptoglobin complexes are rapidely cleared by the macrophage CD163 scavenger receptor expressed on the surface of liver Kupfer cells through an endocytic lysosomal degradation [...]"
100,HPGD,9606.ENSP00000296522,HPGD,15-hydroxyprostaglandin dehydrogenase [NAD(+)]; Prostaglandin inactivation. Contributes to the regulation of events that are under the control of prostaglandin levels. Catalyzes the NAD-dependent dehydrogenation of lipoxin A4 to form 15-oxo-lipoxin A4. Inhibits in vivo proliferation of colon cancer cells; Short chain dehydrogenase/reductase superfamily
101,IDO1,9606.ENSP00000430950,IDO1,"Indoleamine 2,3-dioxygenase 1; Catalyzes the first and rate limiting step of the catabolism of the essential amino acid tryptophan along the kynurenine pathway. Involved in the peripheral immune tolerance, contributing to maintain homeostasis by preventing autoimmunity or immunopathology that would result from uncontrolled and overreacting immune responses. Tryptophan shortage inhibits T lymphocytes division and accumulation of tryptophan catabolites induces T-cell apoptosis and differentiation of regulatory T-cells. Acts as a suppressor of anti-tumor immunity. Limits the growth of int [...]"
102,IFI44,9606.ENSP00000359783,IFI44,Interferon-induced protein 44; This protein aggregates to form microtubular structures; Belongs to the IFI44 family
103,IFI44L,9606.ENSP00000359787,IFI44L,Interferon-induced protein 44-like; Exhibits a low antiviral activity against hepatitis C virus; Belongs to the IFI44 family
104,IFI6,9606.ENSP00000342513,IFI6,"Plays a role in apoptosis, negatively regulating the intrinsinc apoptotic signaling pathway and TNFSF10-induced apoptosis . However, it has also been shown to have a pro-apoptotic activity . Has an antiviral activity towards hepatitis C virus/HCV by inhibiting the EGFR signaling pathway, which activation is required for entry of the virus into cells . ECO:0000269|PubMed:17823654, ECO:0000269|PubMed:25757571,"
105,IFIT1,9606.ENSP00000360869,IFIT1,"Interferon-induced protein with tetratricopeptide repeats 1; Interferon-induced antiviral RNA-binding protein that specifically binds single-stranded RNA bearing a 5'-triphosphate group (PPP-RNA), thereby acting as a sensor of viral single- stranded RNAs and inhibiting expression of viral messenger RNAs. Single-stranded PPP-RNAs, which lack 2'-O-methylation of the 5' cap and bear a 5'-triphosphate group instead, are specific from viruses, providing a molecular signature to distinguish between self and non-self mRNAs by the host during viral infection. Directly binds PPP-RNA in a non-se [...]"
106,IFIT3,9606.ENSP00000360883,IFIT3,"Interferon-induced protein with tetratricopeptide repeats 3; IFN-induced antiviral protein which acts as an inhibitor of cellular as well as viral processes, cell migration, proliferation, signaling, and viral replication. Enhances MAVS- mediated host antiviral responses by serving as an adapter bridging TBK1 to MAVS which leads to the activation of TBK1 and phosphorylation of IRF3 and phosphorylated IRF3 translocates into nucleus to promote antiviral gene transcription. Exihibits an antiproliferative activity via the up-regulation of cell cycle negative regulators CDKN1A/p21 and CDKN1 [...]"
107,IGF1R,9606.ENSP00000268035,IGF1R,"Insulin-like growth factor 1 receptor; Receptor tyrosine kinase which mediates actions of insulin-like growth factor 1 (IGF1). Binds IGF1 with high affinity and IGF2 and insulin (INS) with a lower affinity. The activated IGF1R is involved in cell growth and survival control. IGF1R is crucial for tumor transformation and survival of malignant cell. Ligand binding activates the receptor kinase, leading to receptor autophosphorylation, and tyrosines phosphorylation of multiple substrates, that function as signaling adapter proteins including, the insulin-receptor substrates (IRS1/2), Shc  [...]"
108,IL18RAP,9606.ENSP00000264260,IL18RAP,"Interleukin-18 receptor accessory protein; Within the IL18 receptor complex, does not mediate IL18- binding, but involved in IL18-dependent signal transduction, leading to NF-kappa-B and JNK activation"
109,IL1R1,9606.ENSP00000386380,IL1R1,"Interleukin-1 receptor type 1; Receptor for IL1A, IL1B and IL1RN. After binding to interleukin-1 associates with the coreceptor IL1RAP to form the high affinity interleukin-1 receptor complex which mediates interleukin-1-dependent activation of NF-kappa-B, MAPK and other pathways. Signaling involves the recruitment of adapter molecules such as TOLLIP, MYD88, and IRAK1 or IRAK2 via the respective TIR domains of the receptor/coreceptor subunits. Binds ligands with comparable affinity and binding of antagonist IL1RN prevents association with IL1RAP to form a signaling complex"
110,IL1RAP,9606.ENSP00000314807,IL1RAP,Interleukin 1 receptor accessory protein; Immunoglobulin like domain containing
111,IL23R,9606.ENSP00000321345,IL23R,"Interleukin-23 receptor; Associates with IL12RB1 to form the interleukin-23 receptor. Binds IL23 and mediates T-cells, NK cells and possibly certain macrophage/myeloid cells stimulation probably through activation of the Jak-Stat signaling cascade. IL23 functions in innate and adaptive immunity and may participate in acute response to infection in peripheral tissues. IL23 may be responsible for autoimmune inflammatory diseases and be important for tumorigenesis; Belongs to the type I cytokine receptor family. Type 2 subfamily"
112,IL5RA,9606.ENSP00000412209,IL5RA,Interleukin-5 receptor subunit alpha; This is the receptor for interleukin-5. The alpha chain binds to IL5; Belongs to the type I cytokine receptor family. Type 5 subfamily
113,ISCA1,9606.ENSP00000365159,ISCA1,"Iron-sulfur cluster assembly 1 homolog, mitochondrial; Involved in the maturation of mitochondrial 4Fe-4S proteins functioning late in the iron-sulfur cluster assembly pathway. Probably involved in the binding of an intermediate of Fe/S cluster assembly; Belongs to the HesB/IscA family"
114,ISG15,9606.ENSP00000368699,ISG15,"Ubiquitin-like protein ISG15; Ubiquitin-like protein which plays a key role in the innate immune response to viral infection either via its conjugation to a target protein (ISGylation) or via its action as a free or unconjugated protein. ISGylation involves a cascade of enzymatic reactions involving E1, E2, and E3 enzymes which catalyze the conjugation of ISG15 to a lysine residue in the target protein. Its target proteins include IFIT1, MX1/MxA, PPM1B, UBE2L6, UBA7, CHMP5, CHMP2A, CHMP4B and CHMP6. Can also isgylate: EIF2AK2/PKR which results in its activation, DDX58/RIG-I which inhib [...]"
115,ITGA2B,9606.ENSP00000262407,ITGA2B,"Integrin alpha-IIb; Integrin alpha-IIb/beta-3 is a receptor for fibronectin, fibrinogen, plasminogen, prothrombin, thrombospondin and vitronectin. It recognizes the sequence R-G-D in a wide array of ligands. It recognizes the sequence H-H-L-G-G-G-A-K-Q-A-G-D-V in fibrinogen gamma chain. Following activation integrin alpha- IIb/beta-3 brings about platelet/platelet interaction through binding of soluble fibrinogen. This step leads to rapid platelet aggregation which physically plugs ruptured endothelial cell surface; CD molecules"
116,ITGB3,9606.ENSP00000452786,ITGB3,"Integrin beta-3; Integrin alpha-V/beta-3 (ITGAV:ITGB3) is a receptor for cytotactin, fibronectin, laminin, matrix metalloproteinase-2, osteopontin, osteomodulin, prothrombin, thrombospondin, vitronectin and von Willebrand factor. Integrin alpha-IIb/beta-3 (ITGA2B:ITGB3) is a receptor for fibronectin, fibrinogen, plasminogen, prothrombin, thrombospondin and vitronectin. Integrins alpha-IIb/beta-3 and alpha-V/beta-3 recognize the sequence R-G-D in a wide array of ligands. Integrin alpha- IIb/beta-3 recognizes the sequence H-H-L-G-G-G-A-K-Q-A-G-D-V in fibrinogen gamma chain. Following act [...]"
117,ITLN1,9606.ENSP00000323587,ITLN1,"Intelectin-1; Lectin that specifically recognizes microbial carbohydrate chains in a calcium-dependent manner. Binds to microbial glycans that contain a terminal acyclic 1,2-diol moiety, including beta- linked D-galactofuranose (beta-Galf), D-phosphoglycerol-modified glycans, D-glycero-D-talo-oct-2-ulosonic acid (KO) and 3-deoxy-D- manno-oct-2-ulosonic acid (KDO). Binds to glycans from Gram-positive and Gram-negative bacteria, including K.pneumoniae, S.pneumoniae, Y.pestis, P.mirabilis and P.vulgaris. Does not bind human glycans. Probably plays a role in the defense system against micr [...]"
118,JAK1,9606.ENSP00000343204,JAK1,"Tyrosine-protein kinase JAK1; Tyrosine kinase of the non-receptor type, involved in the IFN-alpha/beta/gamma signal pathway. Kinase partner for the interleukin (IL)-2 receptor; FERM domain containing"
119,JUP,9606.ENSP00000377508,JUP,Junction plakoglobin; Common junctional plaque protein. The membrane- associated plaques are architectural elements in an important strategic position to influence the arrangement and function of both the cytoskeleton and the cells within the tissue. The presence of plakoglobin in both the desmosomes and in the intermediate junctions suggests that it plays a central role in the structure and function of submembranous plaques. Acts as a substrate for VE-PTP and is required by it to stimulate VE- cadherin function in endothelial cells. Can replace beta-catenin in E-cadherin/catenin adhes [...] 
120,KANK2,9606.ENSP00000468002,KANK2,"KN motif and ankyrin repeat domain-containing protein 2; Involved in transcription regulation by sequestering nuclear receptor coactivators, such as NCOA1, NCOA2 and NCOA3, in the cytoplasm; the function is deregulated by phosphorylation. Involved in the negative control of vitamin D receptor signaling pathway. May be involved in the control of cytoskeleton formation by regulating actin polymerization. Involved in regulation of caspase-independent apoptosis; proposed to sequester AIFM1 in mitochondria and apoptotic stimuli lead to its proteasomal degradation allowing the release of AIF [...]"
121,KIR2DS5,9606.ENSP00000342215,KIR2DL3,"Killer cell immunoglobulin-like receptor 2DL3; Receptor on natural killer (NK) cells for HLA-C alleles (HLA-Cw1, HLA-Cw3 and HLA-Cw7). Inhibits the activity of NK cells thus preventing cell lysis; CD molecules"
122,KLRB1,9606.ENSP00000229402,KLRB1,"Killer cell lectin-like receptor subfamily B member 1; Plays an inhibitory role on natural killer (NK) cells cytotoxicity. Activation results in specific acid sphingomyelinase/SMPD1 stimulation with subsequent marked elevation of intracellular ceramide. Activation also leads to AKT1/PKB and RPS6KA1/RSK1 kinases stimulation as well as markedly enhanced T-cell proliferation induced by anti-CD3. Acts as a lectin that binds to the terminal carbohydrate Gal-alpha(1,3)Gal epitope as well as to the N-acetyllactosamine epitope. Binds also to CLEC2D/LLT1 as a ligand and inhibits NK cell-mediate [...]"
123,KLRC4,9606.ENSP00000310216,KLRC4,NKG2-F type II integral membrane protein; May play a role as a receptor for the recognition of MHC class I HLA-E molecules by NK cells; Killer cell lectin like receptors
124,KLRD1,9606.ENSP00000371333,KLRD1,Natural killer cells antigen CD94; Plays a role as a receptor for the recognition of MHC class I HLA-E molecules by NK cells and some cytotoxic T-cells; C-type lectin domain containing
125,KLRF1,9606.ENSP00000483713,KLRF1,Killer cell lectin-like receptor subfamily F member 1; Involved in the natural killer (NK)-mediated cytolysis of PHA-induced lymphoblasts; C-type lectin domain containing
126,KLRG1,9606.ENSP00000349477,KLRG1,"Killer cell lectin-like receptor subfamily G member 1; Plays an inhibitory role on natural killer (NK) cells and T-cell functions upon binding to their non-MHC ligands. May mediate missing self recognition by binding to a highly conserved site on classical cadherins, enabling it to monitor expression of E-cadherin/CDH1, N-cadherin/CDH2 and R-cadherin/CDH4 on target cells; C-type lectin domain containing"
127,KYNU,9606.ENSP00000264170,KYNU,"Kynureninase; Catalyzes the cleavage of L-kynurenine (L-Kyn) and L-3- hydroxykynurenine (L-3OHKyn) into anthranilic acid (AA) and 3- hydroxyanthranilic acid (3-OHAA), respectively. Has a preference for the L-3-hydroxy form. Also has cysteine-conjugate-beta-lyase activity"
128,LCN2,9606.ENSP00000362108,LCN2,"Neutrophil gelatinase-associated lipocalin; Iron-trafficking protein involved in multiple processes such as apoptosis, innate immunity and renal development. Binds iron through association with 2,5-dihydroxybenzoic acid (2,5- DHBA), a siderophore that shares structural similarities with bacterial enterobactin, and delivers or removes iron from the cell, depending on the context. Iron-bound form (holo-24p3) is internalized following binding to the SLC22A17 (24p3R) receptor, leading to release of iron and subsequent increase of intracellular iron concentration. In contrast, association o [...]"
129,LGALS3,9606.ENSP00000254301,LGALS3,"Galectin-3; Galactose-specific lectin which binds IgE. May mediate with the alpha-3, beta-1 integrin the stimulation by CSPG4 of endothelial cells migration. Together with DMBT1, required for terminal differentiation of columnar epithelial cells during early embryogenesis (By similarity). In the nucleus: acts as a pre-mRNA splicing factor. Involved in acute inflammatory responses including neutrophil activation and adhesion, chemoattraction of monocytes macrophages, opsonization of apoptotic neutrophils, and activation of mast cells; Endogenous ligands"
130,LILRA5,9606.ENSP00000404236,LILRA5,Leukocyte immunoglobulin-like receptor subfamily A member 5; May play a role in triggering innate immune responses. Does not seem to play a role for any class I MHC antigen recognition; Activating leukocyte immunoglobulin like receptors
131,LIPA,9606.ENSP00000337354,LIPA,Lysosomal acid lipase/cholesteryl ester hydrolase; Crucial for the intracellular hydrolysis of cholesteryl esters and triglycerides that have been internalized via receptor- mediated endocytosis of lipoprotein particles. Important in mediating the effect of LDL (low density lipoprotein) uptake on suppression of hydroxymethylglutaryl-CoA reductase and activation of endogenous cellular cholesteryl ester formation; Belongs to the AB hydrolase superfamily. Lipase family
132,LIPC,9606.ENSP00000299022,LIPC,"Hepatic triacylglycerol lipase; Hepatic lipase has the capacity to catalyze hydrolysis of phospholipids, mono-, di-, and triglycerides, and acyl-CoA thioesters. It is an important enzyme in HDL metabolism. Hepatic lipase binds heparin"
133,LPAR1,9606.ENSP00000363553,LPAR1,"Lysophosphatidic acid receptor 1; Receptor for lysophosphatidic acid (LPA). Plays a role in the reorganization of the actin cytoskeleton, cell migration, differentiation and proliferation, and thereby contributes to the responses to tissue damage and infectious agents. Activates downstream signaling cascades via the G(i)/G(o), G(12)/G(13), and G(q) families of heteromeric G proteins. Signaling inhibits adenylyl cyclase activity and decreases cellular cAMP levels. Signaling triggers an increase of cytoplasmic Ca(2+) levels. Activates RALA; this leads to the activation of phospholipase C [...]"
134,LRRN3,9606.ENSP00000397312,LRRN3,Leucine-rich repeat neuronal protein 3; Fibronectin type III domain containing
135,LSM3,9606.ENSP00000302160,LSM3,U6 snRNA-associated Sm-like protein LSm3; Binds specifically to the 3'-terminal U-tract of U6 snRNA; Belongs to the snRNP Sm proteins family
136,LSMEM1,9606.ENSP00000323304,LSMEM1,Leucine rich single-pass membrane protein 1
137,LTF,9606.ENSP00000231751,LTF,"Lactotransferrin; Lactoferroxins A, B and C have opioid antagonist activity. Lactoferroxin A shows preference for mu-receptors, while lactoferroxin B and C have somewhat higher degrees of preference for kappa-receptors than for mu-receptors; Transferrins"
138,LY6E,9606.ENSP00000428572,LY6E,Lymphocyte antigen 6E; Involved in T-cell development. Believed to act as a modulator of nicotinic acetylcholine receptors (nAChRs) activity. In vitro inhibits alpha-3:beta-4-containing nAChRs maximum response; LY6/PLAUR domain containing
139,LY96,9606.ENSP00000284818,LY96,"Lymphocyte antigen 96; Binds bacterial lipopolysaccharide (LPS). Cooperates with TLR4 in the innate immune response to bacterial lipopolysaccharide (LPS), and with TLR2 in the response to cell wall components from Gram- positive and Gram-negative bacteria. Enhances TLR4-dependent activation of NF-kappa-B. Cells expressing both LY96 and TLR4, but not TLR4 alone, respond to LPS"
140,MKI67,9606.ENSP00000357643,MKI67,"Proliferation marker protein Ki-67; Required to maintain individual mitotic chromosomes dispersed in the cytoplasm following nuclear envelope disassembly. Associates with the surface of the mitotic chromosome, the perichromosomal layer, and covers a substantial fraction of the chromosome surface. Prevents chromosomes from collapsing into a single chromatin mass by forming a steric and electrostatic charge barrier: the protein has a high net electrical charge and acts as a surfactant, dispersing chromosomes and enabling independent chromosome motility. Binds DNA, with a preference for s [...]"
141,MLLT4,9606.ENSP00000375960,MLLT4,"Afadin; Belongs to an adhesion system, probably together with the E-cadherin-catenin system, which plays a role in the organization of homotypic, interneuronal and heterotypic cell-cell adherens junctions (AJs). Nectin- and actin-filament-binding protein that connects nectin to the actin cytoskeleton"
142,MMP8,9606.ENSP00000236826,MMP8,"Neutrophil collagenase; Can degrade fibrillar type I, II, and III collagens; Belongs to the peptidase M10A family"
143,MMP9,9606.ENSP00000361405,MMP9,Matrix metalloproteinase-9; May play an essential role in local proteolysis of the extracellular matrix and in leukocyte migration. Could play a role in bone osteoclastic resorption. Cleaves KiSS1 at a Gly-|-Leu bond. Cleaves type IV and type V collagen into large C-terminal three quarter fragments and shorter N-terminal one quarter fragments. Degrades fibronectin but not laminin or Pz-peptide; M10 matrix metallopeptidases
144,MMRN1,9606.ENSP00000378431,MMRN1,"Multimerin-1; Carrier protein for platelet (but not plasma) factor V/Va. Plays a role in the storage and stabilization of factor V in platelets. Upon release following platelet activation, may limit platelet and plasma factor Va-dependent thrombin generation. Ligand for integrin alpha-IIb/beta-3 and integrin alpha-V/beta-3 on activated platelets, and may function as an extracellular matrix or adhesive protein; EMI domain containing"
145,MS4A3,9606.ENSP00000278865,MS4A3,Membrane-spanning 4-domains subfamily A member 3; Hematopoietic modulator for the G1-S cell cycle transition. Modulates the level of phosphorylation of cyclin- dependent kinase 2 (CDK2) through its direct binding to cyclin- dependent kinase inhibitor 3 (CDKN3/KAP); Belongs to the MS4A family
146,MS4A4A,9606.ENSP00000338648,MS4A4A,Membrane-spanning 4-domains subfamily A member 4A; May be involved in signal transduction as a component of a multimeric receptor complex; Membrane spanning 4-domains
147,MX1,9606.ENSP00000381601,MX1,"Interferon-induced GTP-binding protein Mx1; Interferon-induced dynamin-like GTPase with antiviral activity against a wide range of RNA viruses and some DNA viruses. Its target viruses include negative-stranded RNA viruses and HBV through binding and inactivation of their ribonucleocapsid. May also antagonize reoviridae and asfarviridae replication. Inhibits thogoto virus (THOV) replication by preventing the nuclear import of viral nucleocapsids. Inhibits La Crosse virus (LACV) replication by sequestering viral nucleoprotein in perinuclear complexes, preventing genome amplification, bud [...]"
148,MYBL1,9606.ENSP00000429633,MYBL1,"Myb-related protein A; Transcription factor that specifically recognizes the sequence 5'-YAAC[GT]G-3'. Acts as a master regulator of male meiosis by promoting expression of piRNAs: activates expression of both piRNA precursor RNAs and expression of protein-coding genes involved in piRNA metabolism (By similarity). The piRNA metabolic process mediates the repression of transposable elements during meiosis by forming complexes composed of piRNAs and Piwi proteins and governs the methylation and subsequent repression of transposons, which is essential for the germline integrity (By simila [...]"
149,MYL4,9606.ENSP00000347055,MYL4,Myosin light chain 4; Regulatory light chain of myosin. Does not bind calcium; EF-hand domain containing
150,MYOM2,9606.ENSP00000262113,MYOM2,"Myomesin-2; Major component of the vertebrate myofibrillar M band. Binds myosin, titin, and light meromyosin. This binding is dose dependent; Fibronectin type III domain containing"
151,NDUFA2,9606.ENSP00000252102,NDUFA2,"NADH dehydrogenase [ubiquinone] 1 alpha subcomplex subunit 2; Accessory subunit of the mitochondrial membrane respiratory chain NADH dehydrogenase (Complex I), that is believed not to be involved in catalysis. Complex I functions in the transfer of electrons from NADH to the respiratory chain. The immediate electron acceptor for the enzyme is believed to be ubiquinone"
152,NEBL,9606.ENSP00000366326,NEBL,Nebulette; Binds to actin and plays an important role in the assembly of the Z-disk. May functionally link sarcomeric actin to the desmin intermediate filaments in the heart muscle sarcomeres. Isoform 2 might play a role in the assembly of focal adhesion; LIM domain containing
153,NEIL3,9606.ENSP00000264596,NEIL3,"Endonuclease 8-like 3; DNA glycosylase which prefers single-stranded DNA (ssDNA), or partially ssDNA structures such as bubble and fork structures, to double-stranded DNA (dsDNA). In vitro, displays strong glycosylase activity towards the hydantoin lesions spiroiminodihydantoin (Sp) and guanidinohydantoin (Gh) in both ssDNA and dsDNA; also recognizes FapyA, FapyG, 5-OHU, 5-OHC, 5- OHMH, Tg and 8-oxoA lesions in ssDNA. No activity on 8-oxoG detected. Also shows weak DNA-(apurinic or apyrimidinic site) lyase activity. In vivo, appears to be the primary enzyme involved in removing Sp and  [...]"
154,NOD2,9606.ENSP00000300589,NOD2,"Nucleotide-binding oligomerization domain-containing protein 2; Involved in gastrointestinal immunity. Upon stimulation by muramyl dipeptide (MDP), a fragment of bacterial peptidoglycan, binds the proximal adapter receptor-interacting RIPK2, which recruits ubiquitin ligases as XIAP, BIRC2, BIRC3, INAVA and the LUBAC complex, triggering activation of MAP kinases and activation of NF-kappa-B signaling. This in turn leads to the transcriptional activation of hundreds of genes involved in immune response. Required for MDP-induced NLRP1-dependent CASP1 activation and IL1B release in macroph [...]"
155,NPRL3,9606.ENSP00000483814,NPRL3,"GATOR complex protein NPRL3; As a component of the GATOR1 complex functions as an inhibitor of the amino acid-sensing branch of the TORC1 pathway. The GATOR1 complex strongly increases GTP hydrolysis by RRAGA and RRAGB within RRAGC-containing heterodimers, thereby deactivating RRAGs, releasing mTORC1 from lysosomal surface and inhibiting mTORC1 signaling. The GATOR1 complex is negatively regulated by GATOR2 the other GATOR subcomplex in this amino acid-sensing branch of the TORC1 pathway; Belongs to the NPR3 family"
156,NRG1,9606.ENSP00000384620,NRG1,"Pro-neuregulin-1, membrane-bound isoform; Direct ligand for ERBB3 and ERBB4 tyrosine kinase receptors. Concomitantly recruits ERBB1 and ERBB2 coreceptors, resulting in ligand-stimulated tyrosine phosphorylation and activation of the ERBB receptors. The multiple isoforms perform diverse functions such as inducing growth and differentiation of epithelial, glial, neuronal, and skeletal muscle cells; inducing expression of acetylcholine receptor in synaptic vesicles during the formation of the neuromuscular junction; stimulating lobuloalveolar budding and milk production in the mammary gla [...]"
157,NT5E,9606.ENSP00000257770,NT5E,"5'-nucleotidase; Hydrolyzes extracellular nucleotides into membrane permeable nucleosides. Exhibits AMP-, NAD-, and NMN-nucleosidase activities; Belongs to the 5'-nucleotidase family"
158,OAS3,9606.ENSP00000228928,OAS3,"2'-5'-oligoadenylate synthase 3; Interferon-induced, dsRNA-activated antiviral enzyme which plays a critical role in cellular innate antiviral response. In addition, it may also play a role in other cellular processes such as apoptosis, cell growth, differentiation and gene regulation. Synthesizes preferentially dimers of 2'-5'- oligoadenylates (2-5A) from ATP which then bind to the inactive monomeric form of ribonuclease L (RNase L) leading to its dimerization and subsequent activation. Activation of RNase L leads to degradation of cellular as well as viral RNA, resulting in the inhib [...]"
159,OASL,9606.ENSP00000257570,OASL,"2'-5'-oligoadenylate synthase-like protein; Does not have 2'-5'-OAS activity, but can bind double- stranded RNA. Displays antiviral activity against encephalomyocarditis virus (EMCV) and hepatitis C virus (HCV) via an alternative antiviral pathway independent of RNase L; Belongs to the 2-5A synthase family"
160,OLFM4,9606.ENSP00000219022,OLFM4,"Olfactomedin-4; May promote proliferation of pancreatic cancer cells by favoring the transition from the S to G2/M phase. In myeloid leukemic cell lines, inhibits cell growth and induces cell differentiation and apoptosis. May play a role in the inhibition of EIF4EBP1 phosphorylation/deactivation. Facilitates cell adhesion, most probably through interaction with cell surface lectins and cadherin"
161,OLR1,9606.ENSP00000309124,OLR1,"Oxidized low-density lipoprotein receptor 1; Receptor that mediates the recognition, internalization and degradation of oxidatively modified low density lipoprotein (oxLDL) by vascular endothelial cells. OxLDL is a marker of atherosclerosis that induces vascular endothelial cell activation and dysfunction, resulting in pro-inflammatory responses, pro- oxidative conditions and apoptosis. Its association with oxLDL induces the activation of NF-kappa-B through an increased production of intracellular reactive oxygen and a variety of pro- atherogenic cellular responses including a reductio [...]"
162,P2RX1,9606.ENSP00000225538,P2RX1,"P2X purinoceptor 1; Ligand-gated ion channel with relatively high calcium permeability. Binding to ATP mediates synaptic transmission between neurons and from neurons to smooth muscle. Seems to be linked to apoptosis, by increasing the intracellular concentration of calcium in the presence of ATP, leading to programmed cell death (By similarity); Purinergic receptors P2X"
163,P2RY12,9606.ENSP00000307259,P2RY12,P2Y purinoceptor 12; Receptor for ADP and ATP coupled to G-proteins that inhibit the adenylyl cyclase second messenger system. Not activated by UDP and UTP. Required for normal platelet aggregation and blood coagulation; P2Y receptors
164,PARP14,9606.ENSP00000418194,PARP14,"Poly [ADP-ribose] polymerase 14; ADP-ribosyltransferase. By mono-ADP-ribosylating STAT1 at 'Glu-657' and 'Glu-705' and thus decreasing STAT1 phosphorylation, negatively regulates pro-inflammatory cytokines production in macrophages in response to IFNG stimulation. Mono-ADP- ribosylates STAT6 (By similarity). Enhances STAT6-dependent transcription (By similarity). In macrophages, positively regulates MRC1 expression in response to IL4 stimulation by promoting STAT6 phosphorylation. Mono-ADP- ribosylates PARP9; Poly(ADP-ribose) polymerases"
165,PBX1,9606.ENSP00000405890,PBX1,"Pre-B-cell leukemia transcription factor 1; Binds the sequence 5'-ATCAATCAA-3'. Acts as a transcriptional activator of PF4 in complex with MEIS1. Converted into a potent transcriptional activator by the (1;19) translocation. May have a role in steroidogenesis and, subsequently, sexual development and differentiation. Isoform PBX1b as part of a PDX1:PBX1b:MEIS2b complex in pancreatic acinar cells is involved in the transcriptional activation of the ELA1 enhancer; the complex binds to the enhancer B element and cooperates with the transcription factor 1 complex (PTF1) bound to the enhanc [...]"
166,PDK4,9606.ENSP00000005178,PDK4,"[Pyruvate dehydrogenase (acetyl-transferring)] kinase isozyme 4, mitochondrial; Kinase that plays a key role in regulation of glucose and fatty acid metabolism and homeostasis via phosphorylation of the pyruvate dehydrogenase subunits PDHA1 and PDHA2. This inhibits pyruvate dehydrogenase activity, and thereby regulates metabolite flux through the tricarboxylic acid cycle, down-regulates aerobic respiration and inhibits the formation of acetyl-coenzyme A from pyruvate. Inhibition of pyruvate dehydrogenase decreases glucose utilization and increases fat metabolism in response to prolonge [...]"
167,PDZK1IP1,9606.ENSP00000294338,PDZK1IP1,PDZK1-interacting protein 1; May play an important role in tumor biology
168,PF4V1,9606.ENSP00000226524,PF4V1,Platelet factor 4 variant; Inhibitor of angiogenesis. Inhibitor of endothelial cell chemotaxis (in vitro)
169,PHOSPHO1,9606.ENSP00000406909,PHOSPHO1,Phosphoethanolamine/phosphocholine phosphatase; Phosphatase that has a high activity toward phosphoethanolamine (PEA) and phosphocholine (PCho). Involved in the generation of inorganic phosphate for bone mineralization; HAD Asp-based non-protein phosphatases
170,PLCB1,9606.ENSP00000338185,PLCB1,"1-phosphatidylinositol 4,5-bisphosphate phosphodiesterase beta-1; The production of the second messenger molecules diacylglycerol (DAG) and inositol 1,4,5-trisphosphate (IP3) is mediated by activated phosphatidylinositol-specific phospholipase C enzymes; C2 domain containing phospholipases"
171,POLB,9606.ENSP00000265421,POLB,DNA polymerase beta; Repair polymerase that plays a key role in base-excision repair. Has 5'-deoxyribose-5-phosphate lyase (dRP lyase) activity that removes the 5' sugar phosphate and also acts as a DNA polymerase that adds one nucleotide to the 3' end of the arising single-nucleotide gap. Conducts 'gap-filling' DNA synthesis in a stepwise distributive fashion rather than in a processive fashion as for other DNA polymerases
172,POLR2K,9606.ENSP00000342889,POLR2K,"DNA-directed RNA polymerases I, II, and III subunit RPABC4; DNA-dependent RNA polymerase catalyzes the transcription of DNA into RNA using the four ribonucleoside triphosphates as substrates. Common component of RNA polymerases I, II and III which synthesize ribosomal RNA precursors, mRNA precursors and many functional non-coding RNAs, and a small RNAs, such as 5S rRNA and tRNAs, respectively"
173,PRF1,9606.ENSP00000398568,PRF1,"Perforin-1; Plays a key role in secretory granule-dependent cell death, and in defense against virus-infected or neoplastic cells. Plays an important role in killing other cells that are recognized as non-self by the immune system, e.g. in transplant rejection or some forms of autoimmune disease. Can insert into the membrane of target cells in its calcium-bound form, oligomerize and form large pores. Promotes cytolysis and apoptosis of target cells by facilitating the uptake of cytotoxic granzymes; Belongs to the complement C6/C7/C8/C9 family"
174,PROS1,9606.ENSP00000377783,PROS1,Vitamin K-dependent protein S; Anticoagulant plasma protein; it is a cofactor to activated protein C in the degradation of coagulation factors Va and VIIIa. It helps to prevent coagulation and stimulating fibrinolysis; Gla domain containing
175,PRPF18,9606.ENSP00000367835,PRPF18,Pre-mRNA-splicing factor 18; Participates in the second step of pre-mRNA splicing; Spliceosomal C complex
176,PTPRM,9606.ENSP00000463325,PTPRM,Receptor-type tyrosine-protein phosphatase mu; Involved in cell-cell adhesion through homophilic interactions. May play a key role in signal transduction and growth control; Fibronectin type III domain containing
177,PVALB,9606.ENSP00000216200,PVALB,"Parvalbumin alpha; In muscle, parvalbumin is thought to be involved in relaxation after contraction. It binds two calcium ions; EF-hand domain containing"
178,QSOX1,9606.ENSP00000356574,QSOX1,"Sulfhydryl oxidase 1; Catalyzes the oxidation of sulfhydryl groups in peptide and protein thiols to disulfides with the reduction of oxygen to hydrogen peroxide. May contribute to disulfide bond formation in a variety of secreted proteins. In fibroblasts, it may have tumor- suppressing capabilities being involved in growth regulation; Belongs to the quiescin-sulfhydryl oxidase (QSOX) family"
179,RAP1GAP,9606.ENSP00000434033,RAP1GAP,"Rap1 GTPase-activating protein 1; GTPase activator for the nuclear Ras-related regulatory protein RAP-1A (KREV-1), converting it to the putatively inactive GDP-bound state"
180,RHD,9606.ENSP00000339577,RHD,Rh blood group D antigen; Belongs to the ammonium transporter (TC 2.A.49) family. Rh subfamily
181,RNASE2,9606.ENSP00000303276,RNASE2,Non-secretory ribonuclease; This is a non-secretory ribonuclease. It is a pyrimidine specific nuclease with a slight preference for U. Cytotoxin and helminthotoxin. Selectively chemotactic for dendritic cells. Possesses a wide variety of biological activities
182,RNASE3,9606.ENSP00000302324,RNASE3,"Eosinophil cationic protein; Cytotoxin and helminthotoxin with low-efficiency ribonuclease activity. Possesses a wide variety of biological activities. Exhibits antibacterial activity, including cytoplasmic membrane depolarization of preferentially Gram-negative, but also Gram-positive strains. Promotes E.coli outer membrane detachment, alteration of the overall cell shape and partial loss of cell content"
183,RNASET2,9606.ENSP00000426455,RNASET2,"Ribonuclease T2; Has ribonuclease activity, with higher activity at acidic pH. Probably is involved in lysosomal degradation of ribosomal RNA (By similarity). Probably plays a role in cellular RNA catabolism; Belongs to the RNase T2 family"
184,RPL31,9606.ENSP00000386717,RPL31,Ribosomal protein L31
185,RPL35A,9606.ENSP00000419117,RPL35A,60S ribosomal protein L35a; Required for the proliferation and viability of hematopoietic cells. Plays a role in 60S ribosomal subunit formation. The protein was found to bind to both initiator and elongator tRNAs and consequently was assigned to the P site or P and A site
186,RPS27,9606.ENSP00000357555,RPS27,40S ribosomal protein S27; Component of the small ribosomal subunit. Required for proper rRNA processing and maturation of 18S rRNAs; Belongs to the eukaryotic ribosomal protein eS27 family
187,RPS7,9606.ENSP00000339095,RPS7,40S ribosomal protein S7; Required for rRNA maturation; Belongs to the eukaryotic ribosomal protein eS7 family
188,RSAD2,9606.ENSP00000371471,RSAD2,"Radical S-adenosyl methionine domain-containing protein 2; Interferon-inducible iron-sulfur (4FE-4S) cluster- binding antiviral protein which plays a major role in the cell antiviral state induced by type I and type II interferon. Can inhibit a wide range of DNA and RNA viruses, including human cytomegalovirus (HCMV), hepatitis C virus (HCV), west Nile virus (WNV), dengue virus, sindbis virus, influenza A virus, sendai virus, vesicular stomatitis virus (VSV), and human immunodeficiency virus (HIV-1). Displays antiviral activity against influenza A virus by inhibiting the budding of the [...]"
189,RSL24D1,9606.ENSP00000260443,RSL24D1,Probable ribosome biogenesis protein RLP24; Involved in the biogenesis of the 60S ribosomal subunit. Ensures the docking of GTPBP4/NOG1 to pre-60S particles (By similarity); Belongs to the eukaryotic ribosomal protein eL24 family
190,S100B,9606.ENSP00000291700,S100B,"Protein S100-B; Weakly binds calcium but binds zinc very tightly- distinct binding sites with different affinities exist for both ions on each monomer. Physiological concentrations of potassium ion antagonize the binding of both divalent cations, especially affecting high-affinity calcium-binding sites. Binds to and initiates the activation of STK38 by releasing autoinhibitory intramolecular interactions within the kinase. Interaction with AGER after myocardial infarction may play a role in myocyte apoptosis by activating ERK1/2 and p53/TP53 signaling. Could assist ATAD3A cytoplasmic p [...]"
191,S100P,9606.ENSP00000296370,S100P,"Protein S100-P; May function as calcium sensor and contribute to cellular calcium signaling. In a calcium-dependent manner, functions by interacting with other proteins, such as EZR and PPP5C, and indirectly plays a role in physiological processes like the formation of microvilli in epithelial cells. May stimulate cell proliferation in an autocrine manner via activation of the receptor for activated glycation end products (RAGE); Belongs to the S-100 family"
192,SAMD12,9606.ENSP00000314173,SAMD12,Sterile alpha motif domain containing 12
193,SELENBP1,9606.ENSP00000397261,SELENBP1,Selenium-binding protein 1; Selenium-binding protein which may be involved in the sensing of reactive xenobiotics in the cytoplasm. May be involved in intra-Golgi protein transport (By similarity)
194,SERPINB2,9606.ENSP00000401645,SERPINB2,Plasminogen activator inhibitor 2; Inhibits urokinase-type plasminogen activator. The monocyte derived PAI-2 is distinct from the endothelial cell- derived PAI-1; Belongs to the serpin family. Ov-serpin subfamily
195,SERPINE2,9606.ENSP00000415786,SERPINE2,"Glia-derived nexin; Serine protease inhibitor with activity toward thrombin, trypsin, and urokinase. Promotes neurite extension by inhibiting thrombin. Binds heparin; Belongs to the serpin family"
196,SERPING1,9606.ENSP00000278407,SERPING1,"Plasma protease C1 inhibitor; Activation of the C1 complex is under control of the C1- inhibitor. It forms a proteolytically inactive stoichiometric complex with the C1r or C1s proteases. May play a potentially crucial role in regulating important physiological pathways including complement activation, blood coagulation, fibrinolysis and the generation of kinins. Very efficient inhibitor of FXIIa. Inhibits chymotrypsin and kallikrein; Serpin peptidase inhibitors"
197,SESN3,9606.ENSP00000441927,SESN3,Sestrin-3; May function as an intracellular leucine sensor that negatively regulates the TORC1 signaling pathway. May also regulate the insulin-receptor signaling pathway through activation of TORC2 (By similarity). This metabolic regulator may also play a role in protection against oxidative and genotoxic stresses (By similarity)
198,SIGLEC1,9606.ENSP00000341141,SIGLEC1,"Sialoadhesin; Acts as an endocytic receptor mediating clathrin dependent endocytosis. Macrophage-restricted adhesion molecule that mediates sialic-acid dependent binding to lymphocytes, including granulocytes, monocytes, natural killer cells, B-cells and CD8 T-cells. Preferentially binds to alpha-2,3-linked sialic acid (By similarity). Binds to SPN/CD43 on T-cells (By similarity). May play a role in hemopoiesis; C2-set domain containing"
199,SIGLEC10,9606.ENSP00000345243,SIGLEC10,"Sialic acid-binding Ig-like lectin 10; Putative adhesion molecule that mediates sialic-acid dependent binding to cells. Preferentially binds to alpha-2,3- or alpha-2,6-linked sialic acid (By similarity). The sialic acid recognition site may be masked by cis interactions with sialic acids on the same cell surface. In the immune response, seems to act as an inhibitory receptor upon ligand induced tyrosine phosphorylation by recruiting cytoplasmic phosphatase(s) via their SH2 domain(s) that block signal transduction through dephosphorylation of signaling molecules. Involved in negative re [...]"
200,SLAMF7,9606.ENSP00000357022,SLAMF7,"SLAM family member 7; Self-ligand receptor of the signaling lymphocytic activation molecule (SLAM) family. SLAM receptors triggered by homo- or heterotypic cell-cell interactions are modulating the activation and differentiation of a wide variety of immune cells and thus are involved in the regulation and interconnection of both innate and adaptive immune response. Activities are controlled by presence or absence of small cytoplasmic adapter proteins, SH2D1A/SAP and/or SH2D1B/EAT-2. Isoform 1 mediates NK cell activation through a SH2D1A-independent extracellular signal- regulated ERK-m [...]"
201,SLC12A1,9606.ENSP00000379822,SLC12A1,Solute carrier family 12 member 1; Electrically silent transporter system. Mediates sodium and chloride reabsorption. Plays a vital role in the regulation of ionic balance and cell volume; Belongs to the SLC12A transporter family
202,SLC12A7,9606.ENSP00000264930,SLC12A7,Solute carrier family 12 member 7; Mediates electroneutral potassium-chloride cotransport when activated by cell swelling. May mediate K(+) uptake into Deiters' cells in the cochlea and contribute to K(+) recycling in the inner ear. Important for the survival of cochlear outer and inner hair cells and the maintenance of the organ of Corti. May be required for basolateral Cl(-) extrusion in the kidney and contribute to renal acidification (By similarity); Solute carriers
203,SLC14A1,9606.ENSP00000390637,SLC14A1,"Urea transporter 1; Urea channel that facilitates transmembrane urea transport down a concentration gradient. A constriction of the transmembrane channel functions as selectivity filter through which urea is expected to pass in dehydrated form. The rate of urea conduction is increased by hypotonic stress. Plays an important role in the kidney medulla collecting ducts, where it allows rapid equilibration between the lumen of the collecting ducts and the interstitium, and thereby prevents water loss driven by the high concentration of urea in the urine. Facilitates urea transport across  [...]"
204,SLC4A1,9606.ENSP00000262418,SLC4A1,"Band 3 anion transport protein; Functions both as a transporter that mediates electroneutral anion exchange across the cell membrane and as a structural protein. Major integral membrane glycoprotein of the erythrocyte membrane; required for normal flexibility and stability of the erythrocyte membrane and for normal erythrocyte shape via the interactions of its cytoplasmic domain with cytoskeletal proteins, glycolytic enzymes, and hemoglobin. Functions as a transporter that mediates the 1:1 exchange of inorganic anions across the erythrocyte membrane. Mediates chloride-bicarbonate excha [...]"
205,SLC8A1,9606.ENSP00000384763,SLC8A1,"Sodium/calcium exchanger 1; Mediates the exchange of one Ca(2+) ion against three to four Na(+) ions across the cell membrane, and thereby contributes to the regulation of cytoplasmic Ca(2+) levels and Ca(2+)- dependent cellular processes. Contributes to Ca(2+) transport during excitation-contraction coupling in muscle. In a first phase, voltage-gated channels mediate the rapid increase of cytoplasmic Ca(2+) levels due to release of Ca(2+) stores from the endoplasmic reticulum. SLC8A1 mediates the export of Ca(2+) from the cell during the next phase, so that cytoplasmic Ca(2+) levels r [...]"
206,SOX6,9606.ENSP00000379644,SOX6,"Transcription factor SOX-6; Transcriptional activator. Binds specifically to the DNA sequence 5'-AACAAT-3'. Plays a key role in several developmental processes, including neurogenesis and skeleton formation; SRY-boxes"
207,SPARC,9606.ENSP00000231061,SPARC,"SPARC; Appears to regulate cell growth through interactions with the extracellular matrix and cytokines. Binds calcium and copper, several types of collagen, albumin, thrombospondin, PDGF and cell membranes. There are two calcium binding sites; an acidic domain that binds 5 to 8 Ca(2+) with a low affinity and an EF-hand loop that binds a Ca(2+) ion with a high affinity; SPARC family"
208,SPATA20,9606.ENSP00000006658,SPATA20,Spermatogenesis-associated protein 20; May play a role in fertility regulation
209,SPATS2L,9606.ENSP00000482515,SPATS2L,SPATS2-like protein; Spermatogenesis associated serine rich 2 like; Belongs to the SPATS2 family
210,SPP1,9606.ENSP00000378517,SPP1,Osteopontin; Binds tightly to hydroxyapatite. Appears to form an integral part of the mineralized matrix. Probably important to cell-matrix interaction; Endogenous ligands
211,SPTAN1,9606.ENSP00000361824,SPTAN1,"Spectrin alpha chain, non-erythrocytic 1; Fodrin, which seems to be involved in secretion, interacts with calmodulin in a calcium-dependent manner and is thus candidate for the calcium-dependent movement of the cytoskeleton at the membrane; EF-hand domain containing"
212,SPX,9606.ENSP00000256969,SPX,Spexin; Plays a role as a central modulator of cardiovascular and renal function and nociception. Plays also a role in energy metabolism and storage. Inhibits adrenocortical cell proliferation with minor stimulation on corticosteroid release (By similarity)
213,TAL1,9606.ENSP00000294339,TAL1,T-cell acute lymphocytic leukemia protein 1; Implicated in the genesis of hemopoietic malignancies. It may play an important role in hemopoietic differentiation. Serves as a positive regulator of erythroid differentiation (By similarity); Basic helix-loop-helix proteins
214,TCL1A,9606.ENSP00000385036,TCL1A,"T-cell leukemia/lymphoma protein 1A; Enhances the phosphorylation and activation of AKT1, AKT2 and AKT3. Promotes nuclear translocation of AKT1. Enhances cell proliferation, stabilizes mitochondrial membrane potential and promotes cell survival; Belongs to the TCL1 family"
215,TCN1,9606.ENSP00000257264,TCN1,Transcobalamin-1; Binds vitamin B12 with femtomolar affinity and protects it from the acidic environment of the stomach; Belongs to the eukaryotic cobalamin transport proteins family
216,THBS1,9606.ENSP00000260356,THBS1,"Thrombospondin-1; Adhesive glycoprotein that mediates cell-to-cell and cell-to-matrix interactions. Binds heparin. May play a role in dentinogenesis and/or maintenance of dentin and dental pulp (By similarity). Ligand for CD36 mediating antiangiogenic properties. Plays a role in ER stress response, via its interaction with the activating transcription factor 6 alpha (ATF6) which produces adaptive ER stress response factors (By similarity)"
217,TIGIT,9606.ENSP00000419085,TIGIT,T-cell immunoreceptor with Ig and ITIM domains; Binds with high affinity to the poliovirus receptor (PVR) which causes increased secretion of IL10 and decreased secretion of IL12B and suppresses T-cell activation by promoting the generation of mature immunoregulatory dendritic cells; V-set domain containing
218,TMEM176A,9606.ENSP00000417626,TMEM176A,Transmembrane protein 176A; Membrane spanning 4-domains
219,TMEM176B,9606.ENSP00000410269,TMEM176B,Transmembrane protein 176B; May play a role in the process of maturation of dendritic cells. Required for the development of cerebellar granule cells (By similarity); Membrane spanning 4-domains
220,TMOD1,9606.ENSP00000259365,TMOD1,"Tropomodulin-1; Blocks the elongation and depolymerization of the actin filaments at the pointed end. The Tmod/TM complex contributes to the formation of the short actin protofilament, which in turn defines the geometry of the membrane skeleton. May play an important role in regulating the organization of actin filaments by preferentially binding to a specific tropomyosin isoform at its N-terminus; Tropomodulins"
221,TMOD2,9606.ENSP00000249700,TMOD2,"Tropomodulin-2; Blocks the elongation and depolymerization of the actin filaments at the pointed end. The Tmod/TM complex contributes to the formation of the short actin protofilament, which in turn defines the geometry of the membrane skeleton (By similarity); Tropomodulins"
222,TMTC1,9606.ENSP00000442046,TMTC1,Transmembrane and tetratricopeptide repeat containing 1
223,TNFRSF17,9606.ENSP00000053243,TNFRSF17,Tumor necrosis factor receptor superfamily member 17; Receptor for TNFSF13B/BLyS/BAFF and TNFSF13/APRIL. Promotes B-cell survival and plays a role in the regulation of humoral immunity. Activates NF-kappa-B and JNK; CD molecules
224,TNFRSF9,9606.ENSP00000478699,TNFRSF9,Tumor necrosis factor receptor superfamily member 9; Receptor for TNFSF9/4-1BBL. Possibly active during T cell activation; CD molecules
225,TNS1,9606.ENSP00000171887,TNS1,"Tensin-1; Involved in fibrillar adhesion formation. May be involved in cell migration, cartilage development and in linking signal transduction pathways to the cytoskeleton; C2 tensin-type domain containing"
226,TREML4,9606.ENSP00000342570,TREML4,Trem-like transcript 4 protein; Positively regulates Toll-like receptor TLR7 signaling in macrophages; V-set domain containing
227,TRIM10,9606.ENSP00000397073,TRIM10,Tripartite motif-containing protein 10; Seems to play an important role in erythropoiesis; Belongs to the TRIM/RBCC family
228,TUBB1,9606.ENSP00000217133,TUBB1,"Tubulin beta-1 chain; Tubulin is the major constituent of microtubules. It binds two moles of GTP, one at an exchangeable site on the beta chain and one at a non-exchangeable site on the alpha chain (By similarity); Belongs to the tubulin family"
229,TUBB2A,9606.ENSP00000369703,TUBB2A,"Tubulin beta-2A chain; Tubulin is the major constituent of microtubules. It binds two moles of GTP, one at an exchangeable site on the beta chain and one at a non-exchangeable site on the alpha chain (By similarity); Tubulins"
230,UBXN6,9606.ENSP00000301281,UBXN6,"UBX domain-containing protein 6; May negatively regulate the ATPase activity of VCP, an ATP-driven segregase that associates with different cofactors to control a wide variety of cellular processes. As a cofactor of VCP, it may play a role in the transport of CAV1 to lysosomes for degradation. It may also play a role in endoplasmic reticulum-associated degradation (ERAD) of misfolded proteins. Together with VCP and other cofactors, it may play a role in macroautophagy, regulating for instance the clearance of damaged lysosomes; UBX domain containing"
231,USP18,9606.ENSP00000215794,USP18,Ubl carboxyl-terminal hydrolase 18; Involved in the regulation of inflammatory response to interferon type 1. Can efficiently cleave only ISG15 fusions including native ISG15 conjugates linked via isopeptide bonds. Necessary to maintain a critical cellular balance of ISG15-conjugated proteins in both healthy and stressed organisms; Ubiquitin specific peptidases
232,UTS2,9606.ENSP00000054668,UTS2,Urotensin 2; Endogenous ligands
233,VNN1,9606.ENSP00000356905,VNN1,Pantetheinase; Amidohydrolase that hydrolyzes specifically one of the carboamide linkages in D-pantetheine thus recycling pantothenic acid (vitamin B5) and releasing cysteamine; Belongs to the carbon-nitrogen hydrolase superfamily. BTD/VNN family
234,VNN3,9606.ENSP00000440594,VNN3,Vascular non-inflammatory molecule 3; Amidohydrolase that hydrolyzes specifically one of the carboamide linkages in D-pantetheine thus recycling pantothenic acid (vitamin B5) and releasing cysteamine; Belongs to the carbon-nitrogen hydrolase superfamily. BTD/VNN family
235,XCL1,9606.ENSP00000356792,XCL1,"Lymphotactin; Chemotactic activity for lymphocytes but not for monocytes or neutrophils. In thymus, mediates medullary accumulation of thymic dendritic cells and contributes to regulatoy T cell development, playing a role in self-tolerance establishment; Chemokine ligands"
236,ZFP57,9606.ENSP00000418259,ZFP57,ZFP57 zinc finger protein; Zinc fingers C2H2-type